run_seed,generation,best_generation_fitness,avg_generation_fitness,worst_generation_fitness,best_global_fitness,best_global_individual
0,0,901691,9915064.41,23932021,901691,"[7, 1, 2, 8, 9, 3, 6, 5, 4, 0]"
0,1,901691,6194824.21,24054178,901691,"[7, 1, 2, 8, 9, 3, 6, 5, 4, 0]"
0,2,899691,5005033.048,21268280,899691,"[4, 7, 1, 8, 9, 3, 6, 5, 2, 0]"
0,3,700017,5098495.116,23351518,700017,"[7, 1, 2, 8, 9, 4, 0, 5, 6, 3]"
0,4,700017,4778842.186,21225775,700017,"[7, 1, 2, 8, 9, 4, 0, 5, 6, 3]"
0,5,700017,2935228.758,22060475,700017,"[7, 1, 2, 8, 9, 4, 0, 5, 6, 3]"
0,6,400310,1746165.856,20245995,400310,"[4, 7, 2, 8, 9, 3, 6, 5, 0, 1]"
0,7,400310,2246276.23,20245995,400310,"[4, 7, 2, 8, 9, 3, 6, 5, 0, 1]"
0,8,400310,2313391.144,20245995,400310,"[4, 7, 2, 8, 9, 3, 6, 5, 0, 1]"
0,9,400310,1431817.796,17234465,400310,"[4, 7, 2, 8, 9, 3, 6, 5, 0, 1]"
0,10,400310,1752455.508,18211664,400310,"[4, 7, 2, 8, 9, 3, 6, 5, 0, 1]"
0,11,400310,2139058.882,16973924,400310,"[4, 7, 2, 8, 9, 3, 6, 5, 0, 1]"
0,12,400310,742406.348,17431763,400310,"[4, 7, 2, 8, 9, 3, 6, 5, 0, 1]"
0,13,400310,400310.0,400310,400310,"[4, 7, 2, 8, 9, 3, 6, 5, 0, 1]"
0,14,400310,400310.0,400310,400310,"[4, 7, 2, 8, 9, 3, 6, 5, 0, 1]"
0,15,400310,400310.0,400310,400310,"[4, 7, 2, 8, 9, 3, 6, 5, 0, 1]"
0,16,400310,400310.0,400310,400310,"[4, 7, 2, 8, 9, 3, 6, 5, 0, 1]"
0,17,400310,400310.0,400310,400310,"[4, 7, 2, 8, 9, 3, 6, 5, 0, 1]"
0,18,400310,400310.0,400310,400310,"[4, 7, 2, 8, 9, 3, 6, 5, 0, 1]"
0,19,400310,400310.0,400310,400310,"[4, 7, 2, 8, 9, 3, 6, 5, 0, 1]"
0,20,400310,400310.0,400310,400310,"[4, 7, 2, 8, 9, 3, 6, 5, 0, 1]"
0,21,400310,400310.0,400310,400310,"[4, 7, 2, 8, 9, 3, 6, 5, 0, 1]"
0,22,400310,400310.0,400310,400310,"[4, 7, 2, 8, 9, 3, 6, 5, 0, 1]"
0,23,400310,400310.0,400310,400310,"[4, 7, 2, 8, 9, 3, 6, 5, 0, 1]"
0,24,400310,400310.0,400310,400310,"[4, 7, 2, 8, 9, 3, 6, 5, 0, 1]"
0,25,400310,400310.0,400310,400310,"[4, 7, 2, 8, 9, 3, 6, 5, 0, 1]"
0,26,400310,400310.0,400310,400310,"[4, 7, 2, 8, 9, 3, 6, 5, 0, 1]"
0,27,400310,400310.0,400310,400310,"[4, 7, 2, 8, 9, 3, 6, 5, 0, 1]"
0,28,400310,400310.0,400310,400310,"[4, 7, 2, 8, 9, 3, 6, 5, 0, 1]"
0,29,400310,400310.0,400310,400310,"[4, 7, 2, 8, 9, 3, 6, 5, 0, 1]"
0,30,400310,400310.0,400310,400310,"[4, 7, 2, 8, 9, 3, 6, 5, 0, 1]"
0,31,400310,400310.0,400310,400310,"[4, 7, 2, 8, 9, 3, 6, 5, 0, 1]"
0,32,400310,400310.0,400310,400310,"[4, 7, 2, 8, 9, 3, 6, 5, 0, 1]"
0,33,400310,400310.0,400310,400310,"[4, 7, 2, 8, 9, 3, 6, 5, 0, 1]"
0,34,400310,400310.0,400310,400310,"[4, 7, 2, 8, 9, 3, 6, 5, 0, 1]"
0,35,400310,400310.0,400310,400310,"[4, 7, 2, 8, 9, 3, 6, 5, 0, 1]"
0,36,400310,400310.0,400310,400310,"[4, 7, 2, 8, 9, 3, 6, 5, 0, 1]"
0,37,400310,400310.0,400310,400310,"[4, 7, 2, 8, 9, 3, 6, 5, 0, 1]"
0,38,400310,400310.0,400310,400310,"[4, 7, 2, 8, 9, 3, 6, 5, 0, 1]"
0,39,400310,400310.0,400310,400310,"[4, 7, 2, 8, 9, 3, 6, 5, 0, 1]"
0,40,400310,400310.0,400310,400310,"[4, 7, 2, 8, 9, 3, 6, 5, 0, 1]"
0,41,400310,400310.0,400310,400310,"[4, 7, 2, 8, 9, 3, 6, 5, 0, 1]"
0,42,400310,400310.0,400310,400310,"[4, 7, 2, 8, 9, 3, 6, 5, 0, 1]"
0,43,400310,400310.0,400310,400310,"[4, 7, 2, 8, 9, 3, 6, 5, 0, 1]"
0,44,400310,400310.0,400310,400310,"[4, 7, 2, 8, 9, 3, 6, 5, 0, 1]"
0,45,400310,400310.0,400310,400310,"[4, 7, 2, 8, 9, 3, 6, 5, 0, 1]"
0,46,400310,400310.0,400310,400310,"[4, 7, 2, 8, 9, 3, 6, 5, 0, 1]"
0,47,400310,400310.0,400310,400310,"[4, 7, 2, 8, 9, 3, 6, 5, 0, 1]"
0,48,400310,400310.0,400310,400310,"[4, 7, 2, 8, 9, 3, 6, 5, 0, 1]"
0,49,400310,400310.0,400310,400310,"[4, 7, 2, 8, 9, 3, 6, 5, 0, 1]"
0,50,400310,400310.0,400310,400310,"[4, 7, 2, 8, 9, 3, 6, 5, 0, 1]"
0,51,400310,400310.0,400310,400310,"[4, 7, 2, 8, 9, 3, 6, 5, 0, 1]"
0,52,400310,400310.0,400310,400310,"[4, 7, 2, 8, 9, 3, 6, 5, 0, 1]"
0,53,400310,400310.0,400310,400310,"[4, 7, 2, 8, 9, 3, 6, 5, 0, 1]"
0,54,400310,400310.0,400310,400310,"[4, 7, 2, 8, 9, 3, 6, 5, 0, 1]"
0,55,400310,400310.0,400310,400310,"[4, 7, 2, 8, 9, 3, 6, 5, 0, 1]"
0,56,400310,400310.0,400310,400310,"[4, 7, 2, 8, 9, 3, 6, 5, 0, 1]"
0,57,400310,400310.0,400310,400310,"[4, 7, 2, 8, 9, 3, 6, 5, 0, 1]"
0,58,400310,400310.0,400310,400310,"[4, 7, 2, 8, 9, 3, 6, 5, 0, 1]"
0,59,400310,400310.0,400310,400310,"[4, 7, 2, 8, 9, 3, 6, 5, 0, 1]"
0,60,400310,400310.0,400310,400310,"[4, 7, 2, 8, 9, 3, 6, 5, 0, 1]"
0,61,400310,400310.0,400310,400310,"[4, 7, 2, 8, 9, 3, 6, 5, 0, 1]"
0,62,400310,400310.0,400310,400310,"[4, 7, 2, 8, 9, 3, 6, 5, 0, 1]"
0,63,400310,400310.0,400310,400310,"[4, 7, 2, 8, 9, 3, 6, 5, 0, 1]"
0,64,400310,400310.0,400310,400310,"[4, 7, 2, 8, 9, 3, 6, 5, 0, 1]"
0,65,400310,400310.0,400310,400310,"[4, 7, 2, 8, 9, 3, 6, 5, 0, 1]"
0,66,400310,400310.0,400310,400310,"[4, 7, 2, 8, 9, 3, 6, 5, 0, 1]"
0,67,400310,400310.0,400310,400310,"[4, 7, 2, 8, 9, 3, 6, 5, 0, 1]"
0,68,400310,400310.0,400310,400310,"[4, 7, 2, 8, 9, 3, 6, 5, 0, 1]"
0,69,400310,400310.0,400310,400310,"[4, 7, 2, 8, 9, 3, 6, 5, 0, 1]"
0,70,400310,400310.0,400310,400310,"[4, 7, 2, 8, 9, 3, 6, 5, 0, 1]"
0,71,400310,400310.0,400310,400310,"[4, 7, 2, 8, 9, 3, 6, 5, 0, 1]"
0,72,400310,400310.0,400310,400310,"[4, 7, 2, 8, 9, 3, 6, 5, 0, 1]"
0,73,400310,400310.0,400310,400310,"[4, 7, 2, 8, 9, 3, 6, 5, 0, 1]"
0,74,400310,400310.0,400310,400310,"[4, 7, 2, 8, 9, 3, 6, 5, 0, 1]"
0,75,400310,400310.0,400310,400310,"[4, 7, 2, 8, 9, 3, 6, 5, 0, 1]"
0,76,400310,400310.0,400310,400310,"[4, 7, 2, 8, 9, 3, 6, 5, 0, 1]"
0,77,400310,400310.0,400310,400310,"[4, 7, 2, 8, 9, 3, 6, 5, 0, 1]"
0,78,400310,400310.0,400310,400310,"[4, 7, 2, 8, 9, 3, 6, 5, 0, 1]"
0,79,400310,400310.0,400310,400310,"[4, 7, 2, 8, 9, 3, 6, 5, 0, 1]"
0,80,400310,400310.0,400310,400310,"[4, 7, 2, 8, 9, 3, 6, 5, 0, 1]"
0,81,400310,400310.0,400310,400310,"[4, 7, 2, 8, 9, 3, 6, 5, 0, 1]"
0,82,400310,400310.0,400310,400310,"[4, 7, 2, 8, 9, 3, 6, 5, 0, 1]"
0,83,400310,400310.0,400310,400310,"[4, 7, 2, 8, 9, 3, 6, 5, 0, 1]"
0,84,400310,400310.0,400310,400310,"[4, 7, 2, 8, 9, 3, 6, 5, 0, 1]"
0,85,400310,400310.0,400310,400310,"[4, 7, 2, 8, 9, 3, 6, 5, 0, 1]"
0,86,400310,400310.0,400310,400310,"[4, 7, 2, 8, 9, 3, 6, 5, 0, 1]"
0,87,400310,400310.0,400310,400310,"[4, 7, 2, 8, 9, 3, 6, 5, 0, 1]"
0,88,400310,400310.0,400310,400310,"[4, 7, 2, 8, 9, 3, 6, 5, 0, 1]"
0,89,400310,400310.0,400310,400310,"[4, 7, 2, 8, 9, 3, 6, 5, 0, 1]"
0,90,400310,400310.0,400310,400310,"[4, 7, 2, 8, 9, 3, 6, 5, 0, 1]"
0,91,400310,400310.0,400310,400310,"[4, 7, 2, 8, 9, 3, 6, 5, 0, 1]"
0,92,400310,400310.0,400310,400310,"[4, 7, 2, 8, 9, 3, 6, 5, 0, 1]"
0,93,400310,400310.0,400310,400310,"[4, 7, 2, 8, 9, 3, 6, 5, 0, 1]"
0,94,400310,400310.0,400310,400310,"[4, 7, 2, 8, 9, 3, 6, 5, 0, 1]"
0,95,400310,400310.0,400310,400310,"[4, 7, 2, 8, 9, 3, 6, 5, 0, 1]"
0,96,400310,400310.0,400310,400310,"[4, 7, 2, 8, 9, 3, 6, 5, 0, 1]"
0,97,400310,400310.0,400310,400310,"[4, 7, 2, 8, 9, 3, 6, 5, 0, 1]"
0,98,400310,400310.0,400310,400310,"[4, 7, 2, 8, 9, 3, 6, 5, 0, 1]"
0,99,400310,400310.0,400310,400310,"[4, 7, 2, 8, 9, 3, 6, 5, 0, 1]"
0,100,400310,400310.0,400310,400310,"[4, 7, 2, 8, 9, 3, 6, 5, 0, 1]"
1,0,1220900,10342693.636,24850292,1220900,"[5, 3, 0, 8, 9, 2, 7, 4, 6, 1]"
1,1,1010359,6707734.788,23548420,1010359,"[4, 6, 9, 5, 3, 7, 0, 8, 1, 2]"
1,2,1010359,6120920.692,22155870,1010359,"[4, 6, 9, 5, 3, 7, 0, 8, 1, 2]"
1,3,807900,6233683.026,22065855,807900,"[2, 3, 1, 7, 8, 4, 6, 5, 9, 0]"
1,4,700048,6243522.598,22266768,700048,"[9, 6, 2, 4, 3, 7, 0, 8, 5, 1]"
1,5,409000,5907923.028,22549595,409000,"[2, 1, 9, 8, 7, 4, 0, 5, 3, 6]"
1,6,290000,5869201.16,23044047,290000,"[3, 1, 9, 8, 7, 4, 0, 5, 2, 6]"
1,7,290000,5957505.878,23242594,290000,"[3, 1, 9, 8, 7, 4, 0, 5, 2, 6]"
1,8,290000,5403776.23,23146215,290000,"[3, 1, 9, 8, 7, 4, 0, 5, 2, 6]"
1,9,290000,5500104.602,23336404,290000,"[3, 1, 9, 8, 7, 4, 0, 5, 2, 6]"
1,10,290000,5116101.162,21867627,290000,"[3, 1, 9, 8, 7, 4, 0, 5, 2, 6]"
1,11,290000,5486807.956,22533462,290000,"[3, 1, 9, 8, 7, 4, 0, 5, 2, 6]"
1,12,290000,4934176.266,22256760,290000,"[3, 1, 9, 8, 7, 4, 0, 5, 2, 6]"
1,13,290000,3633806.24,22435560,290000,"[3, 1, 9, 8, 7, 4, 0, 5, 2, 6]"
1,14,290000,2491608.59,23665051,290000,"[3, 1, 9, 8, 7, 4, 0, 5, 2, 6]"
1,15,290000,2003148.612,19133445,290000,"[3, 1, 9, 8, 7, 4, 0, 5, 2, 6]"
1,16,290000,1551496.908,22656805,290000,"[3, 1, 9, 8, 7, 4, 0, 5, 2, 6]"
1,17,290000,1876904.33,21884907,290000,"[3, 1, 9, 8, 7, 4, 0, 5, 2, 6]"
1,18,290000,1817072.36,20703745,290000,"[3, 1, 9, 8, 7, 4, 0, 5, 2, 6]"
1,19,290000,2064807.192,18186179,290000,"[3, 1, 9, 8, 7, 4, 0, 5, 2, 6]"
1,20,290000,1463075.948,18571287,290000,"[3, 1, 9, 8, 7, 4, 0, 5, 2, 6]"
1,21,290000,1731614.562,20989105,290000,"[3, 1, 9, 8, 7, 4, 0, 5, 2, 6]"
1,22,290000,1839556.918,21478712,290000,"[3, 1, 9, 8, 7, 4, 0, 5, 2, 6]"
1,23,290000,1980401.092,20434840,290000,"[3, 1, 9, 8, 7, 4, 0, 5, 2, 6]"
1,24,290000,1977900.262,21885118,290000,"[3, 1, 9, 8, 7, 4, 0, 5, 2, 6]"
1,25,290000,1653973.854,21885118,290000,"[3, 1, 9, 8, 7, 4, 0, 5, 2, 6]"
1,26,290000,1740925.638,23178357,290000,"[3, 1, 9, 8, 7, 4, 0, 5, 2, 6]"
1,27,290000,1806179.07,19874958,290000,"[3, 1, 9, 8, 7, 4, 0, 5, 2, 6]"
1,28,290000,1755937.028,21355581,290000,"[3, 1, 9, 8, 7, 4, 0, 5, 2, 6]"
1,29,290000,1806956.26,20958808,290000,"[3, 1, 9, 8, 7, 4, 0, 5, 2, 6]"
1,30,290000,1833385.792,19354530,290000,"[3, 1, 9, 8, 7, 4, 0, 5, 2, 6]"
1,31,290000,1865822.268,23874442,290000,"[3, 1, 9, 8, 7, 4, 0, 5, 2, 6]"
1,32,290000,2119385.246,23874442,290000,"[3, 1, 9, 8, 7, 4, 0, 5, 2, 6]"
1,33,290000,1807204.056,19067170,290000,"[3, 1, 9, 8, 7, 4, 0, 5, 2, 6]"
1,34,290000,2062665.474,18005522,290000,"[3, 1, 9, 8, 7, 4, 0, 5, 2, 6]"
1,35,290000,1862388.244,22056708,290000,"[3, 1, 9, 8, 7, 4, 0, 5, 2, 6]"
1,36,290000,1910028.708,21596283,290000,"[3, 1, 9, 8, 7, 4, 0, 5, 2, 6]"
1,37,290000,1759379.006,18787165,290000,"[3, 1, 9, 8, 7, 4, 0, 5, 2, 6]"
1,38,290000,1899418.696,23178357,290000,"[3, 1, 9, 8, 7, 4, 0, 5, 2, 6]"
1,39,290000,1878113.176,19572280,290000,"[3, 1, 9, 8, 7, 4, 0, 5, 2, 6]"
1,40,290000,2074649.91,20187825,290000,"[3, 1, 9, 8, 7, 4, 0, 5, 2, 6]"
1,41,290000,1722258.922,20345572,290000,"[3, 1, 9, 8, 7, 4, 0, 5, 2, 6]"
1,42,290000,2036304.95,23079056,290000,"[3, 1, 9, 8, 7, 4, 0, 5, 2, 6]"
1,43,290000,1822095.234,19670283,290000,"[3, 1, 9, 8, 7, 4, 0, 5, 2, 6]"
1,44,290000,1532320.556,19283502,290000,"[3, 1, 9, 8, 7, 4, 0, 5, 2, 6]"
1,45,290000,2054645.098,21585709,290000,"[3, 1, 9, 8, 7, 4, 0, 5, 2, 6]"
1,46,290000,2012388.042,21231543,290000,"[3, 1, 9, 8, 7, 4, 0, 5, 2, 6]"
1,47,290000,1712139.366,19276357,290000,"[3, 1, 9, 8, 7, 4, 0, 5, 2, 6]"
1,48,290000,2019057.268,23477159,290000,"[3, 1, 9, 8, 7, 4, 0, 5, 2, 6]"
1,49,290000,1702241.82,19788515,290000,"[3, 1, 9, 8, 7, 4, 0, 5, 2, 6]"
1,50,290000,1749591.23,20848808,290000,"[3, 1, 9, 8, 7, 4, 0, 5, 2, 6]"
1,51,290000,1738407.214,18153605,290000,"[3, 1, 9, 8, 7, 4, 0, 5, 2, 6]"
1,52,290000,1749898.442,20461638,290000,"[3, 1, 9, 8, 7, 4, 0, 5, 2, 6]"
1,53,290000,2139509.192,24075258,290000,"[3, 1, 9, 8, 7, 4, 0, 5, 2, 6]"
1,54,290000,1783730.696,20329845,290000,"[3, 1, 9, 8, 7, 4, 0, 5, 2, 6]"
1,55,290000,1794384.416,21730649,290000,"[3, 1, 9, 8, 7, 4, 0, 5, 2, 6]"
1,56,290000,1949847.294,22577060,290000,"[3, 1, 9, 8, 7, 4, 0, 5, 2, 6]"
1,57,290000,1948446.49,22264491,290000,"[3, 1, 9, 8, 7, 4, 0, 5, 2, 6]"
1,58,290000,1476035.582,19754283,290000,"[3, 1, 9, 8, 7, 4, 0, 5, 2, 6]"
1,59,290000,1790631.756,23375060,290000,"[3, 1, 9, 8, 7, 4, 0, 5, 2, 6]"
1,60,290000,1800721.17,20861803,290000,"[3, 1, 9, 8, 7, 4, 0, 5, 2, 6]"
1,61,290000,1934682.15,23477159,290000,"[3, 1, 9, 8, 7, 4, 0, 5, 2, 6]"
1,62,290000,1840126.502,21655258,290000,"[3, 1, 9, 8, 7, 4, 0, 5, 2, 6]"
1,63,290000,1691793.424,21957006,290000,"[3, 1, 9, 8, 7, 4, 0, 5, 2, 6]"
1,64,290000,1923229.234,22084709,290000,"[3, 1, 9, 8, 7, 4, 0, 5, 2, 6]"
1,65,290000,1914344.066,21379890,290000,"[3, 1, 9, 8, 7, 4, 0, 5, 2, 6]"
1,66,290000,2012477.138,21585709,290000,"[3, 1, 9, 8, 7, 4, 0, 5, 2, 6]"
1,67,290000,1880924.98,19457779,290000,"[3, 1, 9, 8, 7, 4, 0, 5, 2, 6]"
1,68,290000,1959807.382,19458388,290000,"[3, 1, 9, 8, 7, 4, 0, 5, 2, 6]"
1,69,290000,1731829.23,19670283,290000,"[3, 1, 9, 8, 7, 4, 0, 5, 2, 6]"
1,70,290000,1938108.894,20861803,290000,"[3, 1, 9, 8, 7, 4, 0, 5, 2, 6]"
1,71,290000,2169707.408,23874442,290000,"[3, 1, 9, 8, 7, 4, 0, 5, 2, 6]"
1,72,290000,1926656.728,20177730,290000,"[3, 1, 9, 8, 7, 4, 0, 5, 2, 6]"
1,73,290000,1672434.782,20434840,290000,"[3, 1, 9, 8, 7, 4, 0, 5, 2, 6]"
1,74,290000,1814822.372,17884505,290000,"[3, 1, 9, 8, 7, 4, 0, 5, 2, 6]"
1,75,290000,2102021.94,20086175,290000,"[3, 1, 9, 8, 7, 4, 0, 5, 2, 6]"
1,76,290000,1931457.348,20732841,290000,"[3, 1, 9, 8, 7, 4, 0, 5, 2, 6]"
1,77,290000,1631719.264,22485327,290000,"[3, 1, 9, 8, 7, 4, 0, 5, 2, 6]"
1,78,290000,1723968.724,19101830,290000,"[3, 1, 9, 8, 7, 4, 0, 5, 2, 6]"
1,79,290000,2000468.668,22155118,290000,"[3, 1, 9, 8, 7, 4, 0, 5, 2, 6]"
1,80,290000,2003705.894,22976259,290000,"[3, 1, 9, 8, 7, 4, 0, 5, 2, 6]"
1,81,290000,1557816.352,23874442,290000,"[3, 1, 9, 8, 7, 4, 0, 5, 2, 6]"
1,82,290000,1924786.01,21200729,290000,"[3, 1, 9, 8, 7, 4, 0, 5, 2, 6]"
1,83,290000,2268090.348,22184609,290000,"[3, 1, 9, 8, 7, 4, 0, 5, 2, 6]"
1,84,290000,2102410.388,23573060,290000,"[3, 1, 9, 8, 7, 4, 0, 5, 2, 6]"
1,85,290000,1716296.226,20686089,290000,"[3, 1, 9, 8, 7, 4, 0, 5, 2, 6]"
1,86,290000,1953659.332,22976259,290000,"[3, 1, 9, 8, 7, 4, 0, 5, 2, 6]"
1,87,290000,1696582.514,21355581,290000,"[3, 1, 9, 8, 7, 4, 0, 5, 2, 6]"
1,88,290000,1737110.428,20732841,290000,"[3, 1, 9, 8, 7, 4, 0, 5, 2, 6]"
1,89,290000,1890072.356,19362274,290000,"[3, 1, 9, 8, 7, 4, 0, 5, 2, 6]"
1,90,290000,1808345.056,21032642,290000,"[3, 1, 9, 8, 7, 4, 0, 5, 2, 6]"
1,91,290000,1951226.13,20425140,290000,"[3, 1, 9, 8, 7, 4, 0, 5, 2, 6]"
1,92,290000,1524595.762,20958808,290000,"[3, 1, 9, 8, 7, 4, 0, 5, 2, 6]"
1,93,290000,1954552.442,23774960,290000,"[3, 1, 9, 8, 7, 4, 0, 5, 2, 6]"
1,94,290000,1951482.546,20529778,290000,"[3, 1, 9, 8, 7, 4, 0, 5, 2, 6]"
1,95,290000,2067042.202,21596283,290000,"[3, 1, 9, 8, 7, 4, 0, 5, 2, 6]"
1,96,290000,1791336.876,19255770,290000,"[3, 1, 9, 8, 7, 4, 0, 5, 2, 6]"
1,97,290000,1634662.132,21448412,290000,"[3, 1, 9, 8, 7, 4, 0, 5, 2, 6]"
1,98,290000,1846239.034,21478712,290000,"[3, 1, 9, 8, 7, 4, 0, 5, 2, 6]"
1,99,290000,1873520.262,21956808,290000,"[3, 1, 9, 8, 7, 4, 0, 5, 2, 6]"
1,100,290000,1770642.226,22855609,290000,"[3, 1, 9, 8, 7, 4, 0, 5, 2, 6]"
2,0,1317005,10553972.406,24142618,1317005,"[9, 5, 8, 6, 1, 3, 2, 4, 7, 0]"
2,1,508002,7272472.654,23547396,508002,"[1, 0, 9, 8, 5, 6, 2, 7, 3, 4]"
2,2,299900,6678630.498,21571013,299900,"[2, 9, 0, 8, 5, 6, 3, 7, 4, 1]"
2,3,299900,6656230.478,22467725,299900,"[2, 9, 0, 8, 5, 6, 3, 7, 4, 1]"
2,4,299900,7148229.334,23321841,299900,"[2, 9, 0, 8, 5, 6, 3, 7, 4, 1]"
2,5,200099,6834458.808,22173892,200099,"[1, 9, 0, 8, 5, 6, 3, 7, 4, 2]"
2,6,200099,6217872.326,21573431,200099,"[1, 9, 0, 8, 5, 6, 3, 7, 4, 2]"
2,7,200099,7022367.21,23866047,200099,"[1, 9, 0, 8, 5, 6, 3, 7, 4, 2]"
2,8,200099,6395887.362,22460238,200099,"[1, 9, 0, 8, 5, 6, 3, 7, 4, 2]"
2,9,200099,6718597.71,21864851,200099,"[1, 9, 0, 8, 5, 6, 3, 7, 4, 2]"
2,10,200099,6256580.108,22461993,200099,"[1, 9, 0, 8, 5, 6, 3, 7, 4, 2]"
2,11,200099,5918415.756,22854979,200099,"[1, 9, 0, 8, 5, 6, 3, 7, 4, 2]"
2,12,200099,5562573.662,23134782,200099,"[1, 9, 0, 8, 5, 6, 3, 7, 4, 2]"
2,13,200099,4981172.5,24033021,200099,"[1, 9, 0, 8, 5, 6, 3, 7, 4, 2]"
2,14,200099,4828682.814,23564937,200099,"[1, 9, 0, 8, 5, 6, 3, 7, 4, 2]"
2,15,200099,3703465.53,21968320,200099,"[1, 9, 0, 8, 5, 6, 3, 7, 4, 2]"
2,16,200099,4197054.302,21150765,200099,"[1, 9, 0, 8, 5, 6, 3, 7, 4, 2]"
2,17,200099,3794345.32,21063856,200099,"[1, 9, 0, 8, 5, 6, 3, 7, 4, 2]"
2,18,200099,3640281.654,21066308,200099,"[1, 9, 0, 8, 5, 6, 3, 7, 4, 2]"
2,19,200099,3593012.618,21863107,200099,"[1, 9, 0, 8, 5, 6, 3, 7, 4, 2]"
2,20,200099,3425863.282,21788234,200099,"[1, 9, 0, 8, 5, 6, 3, 7, 4, 2]"
2,21,200099,3484619.072,21661508,200099,"[1, 9, 0, 8, 5, 6, 3, 7, 4, 2]"
2,22,200099,3789892.644,24563234,200099,"[1, 9, 0, 8, 5, 6, 3, 7, 4, 2]"
2,23,200099,3849830.99,23463503,200099,"[1, 9, 0, 8, 5, 6, 3, 7, 4, 2]"
2,24,200099,3487639.622,22548016,200099,"[1, 9, 0, 8, 5, 6, 3, 7, 4, 2]"
2,25,200099,3825855.266,21862493,200099,"[1, 9, 0, 8, 5, 6, 3, 7, 4, 2]"
2,26,200099,3590203.642,21941476,200099,"[1, 9, 0, 8, 5, 6, 3, 7, 4, 2]"
2,27,200099,3470766.666,22064418,200099,"[1, 9, 0, 8, 5, 6, 3, 7, 4, 2]"
2,28,200099,3626612.756,21864510,200099,"[1, 9, 0, 8, 5, 6, 3, 7, 4, 2]"
2,29,200099,3789833.112,22665234,200099,"[1, 9, 0, 8, 5, 6, 3, 7, 4, 2]"
2,30,200099,3749535.196,21769433,200099,"[1, 9, 0, 8, 5, 6, 3, 7, 4, 2]"
2,31,200099,3356119.386,20661385,200099,"[1, 9, 0, 8, 5, 6, 3, 7, 4, 2]"
2,32,200099,3597836.148,21267591,200099,"[1, 9, 0, 8, 5, 6, 3, 7, 4, 2]"
2,33,200099,3761614.122,21161005,200099,"[1, 9, 0, 8, 5, 6, 3, 7, 4, 2]"
2,34,200099,3834617.302,21541385,200099,"[1, 9, 0, 8, 5, 6, 3, 7, 4, 2]"
2,35,200099,3749077.394,22768233,200099,"[1, 9, 0, 8, 5, 6, 3, 7, 4, 2]"
2,36,200099,3267276.84,21661508,200099,"[1, 9, 0, 8, 5, 6, 3, 7, 4, 2]"
2,37,200099,3756222.554,24563234,200099,"[1, 9, 0, 8, 5, 6, 3, 7, 4, 2]"
2,38,200099,3837176.442,21587754,200099,"[1, 9, 0, 8, 5, 6, 3, 7, 4, 2]"
2,39,200099,3637030.858,22566189,200099,"[1, 9, 0, 8, 5, 6, 3, 7, 4, 2]"
2,40,200099,3709845.27,21131874,200099,"[1, 9, 0, 8, 5, 6, 3, 7, 4, 2]"
2,41,200099,3808191.71,21370276,200099,"[1, 9, 0, 8, 5, 6, 3, 7, 4, 2]"
2,42,200099,3957751.878,24060613,200099,"[1, 9, 0, 8, 5, 6, 3, 7, 4, 2]"
2,43,200099,3760813.748,22628194,200099,"[1, 9, 0, 8, 5, 6, 3, 7, 4, 2]"
2,44,200099,3340973.644,21788234,200099,"[1, 9, 0, 8, 5, 6, 3, 7, 4, 2]"
2,45,200099,3826411.346,21862493,200099,"[1, 9, 0, 8, 5, 6, 3, 7, 4, 2]"
2,46,200099,3483245.636,22968334,200099,"[1, 9, 0, 8, 5, 6, 3, 7, 4, 2]"
2,47,200099,3524454.258,23167135,200099,"[1, 9, 0, 8, 5, 6, 3, 7, 4, 2]"
2,48,200099,3778606.722,20744075,200099,"[1, 9, 0, 8, 5, 6, 3, 7, 4, 2]"
2,49,200099,3786235.27,22142005,200099,"[1, 9, 0, 8, 5, 6, 3, 7, 4, 2]"
2,50,200099,3945483.268,22031463,200099,"[1, 9, 0, 8, 5, 6, 3, 7, 4, 2]"
2,51,200099,4203003.088,20767307,200099,"[1, 9, 0, 8, 5, 6, 3, 7, 4, 2]"
2,52,200099,3825929.046,21370276,200099,"[1, 9, 0, 8, 5, 6, 3, 7, 4, 2]"
2,53,200099,3766586.11,22797334,200099,"[1, 9, 0, 8, 5, 6, 3, 7, 4, 2]"
2,54,200099,3960647.552,22363012,200099,"[1, 9, 0, 8, 5, 6, 3, 7, 4, 2]"
2,55,200099,3834548.91,22031463,200099,"[1, 9, 0, 8, 5, 6, 3, 7, 4, 2]"
2,56,200099,3671956.316,22469924,200099,"[1, 9, 0, 8, 5, 6, 3, 7, 4, 2]"
2,57,200099,4006502.536,22031463,200099,"[1, 9, 0, 8, 5, 6, 3, 7, 4, 2]"
2,58,200099,3485657.252,22467234,200099,"[1, 9, 0, 8, 5, 6, 3, 7, 4, 2]"
2,59,200099,3704344.898,22638207,200099,"[1, 9, 0, 8, 5, 6, 3, 7, 4, 2]"
2,60,200099,3789473.51,22777244,200099,"[1, 9, 0, 8, 5, 6, 3, 7, 4, 2]"
2,61,200099,3826191.018,22638207,200099,"[1, 9, 0, 8, 5, 6, 3, 7, 4, 2]"
2,62,200099,3869743.158,20864715,200099,"[1, 9, 0, 8, 5, 6, 3, 7, 4, 2]"
2,63,200099,3785132.704,19929861,200099,"[1, 9, 0, 8, 5, 6, 3, 7, 4, 2]"
2,64,200099,3083685.078,20872883,200099,"[1, 9, 0, 8, 5, 6, 3, 7, 4, 2]"
2,65,200099,3535607.024,21862493,200099,"[1, 9, 0, 8, 5, 6, 3, 7, 4, 2]"
2,66,200099,3651531.938,21840377,200099,"[1, 9, 0, 8, 5, 6, 3, 7, 4, 2]"
2,67,200099,4147873.756,24164238,200099,"[1, 9, 0, 8, 5, 6, 3, 7, 4, 2]"
2,68,200099,3434850.232,23167135,200099,"[1, 9, 0, 8, 5, 6, 3, 7, 4, 2]"
2,69,200099,3478831.866,20726745,200099,"[1, 9, 0, 8, 5, 6, 3, 7, 4, 2]"
2,70,200099,3869843.124,20080414,200099,"[1, 9, 0, 8, 5, 6, 3, 7, 4, 2]"
2,71,200099,3455609.774,23673917,200099,"[1, 9, 0, 8, 5, 6, 3, 7, 4, 2]"
2,72,200099,4102115.586,22469614,200099,"[1, 9, 0, 8, 5, 6, 3, 7, 4, 2]"
2,73,200099,3744921.498,21267591,200099,"[1, 9, 0, 8, 5, 6, 3, 7, 4, 2]"
2,74,200099,3634367.518,22868432,200099,"[1, 9, 0, 8, 5, 6, 3, 7, 4, 2]"
2,75,200099,3456024.106,22064418,200099,"[1, 9, 0, 8, 5, 6, 3, 7, 4, 2]"
2,76,200099,3774931.526,22287526,200099,"[1, 9, 0, 8, 5, 6, 3, 7, 4, 2]"
2,77,200099,3790464.72,21125465,200099,"[1, 9, 0, 8, 5, 6, 3, 7, 4, 2]"
2,78,200099,3739200.11,20915665,200099,"[1, 9, 0, 8, 5, 6, 3, 7, 4, 2]"
2,79,200099,3713670.524,19763597,200099,"[1, 9, 0, 8, 5, 6, 3, 7, 4, 2]"
2,80,200099,3755222.688,24165234,200099,"[1, 9, 0, 8, 5, 6, 3, 7, 4, 2]"
2,81,200099,3821476.198,21661508,200099,"[1, 9, 0, 8, 5, 6, 3, 7, 4, 2]"
2,82,200099,3917497.604,20835478,200099,"[1, 9, 0, 8, 5, 6, 3, 7, 4, 2]"
2,83,200099,3741296.866,20944665,200099,"[1, 9, 0, 8, 5, 6, 3, 7, 4, 2]"
2,84,200099,3275572.756,22467234,200099,"[1, 9, 0, 8, 5, 6, 3, 7, 4, 2]"
2,85,200099,3507876.432,23466236,200099,"[1, 9, 0, 8, 5, 6, 3, 7, 4, 2]"
2,86,200099,3488804.71,23167135,200099,"[1, 9, 0, 8, 5, 6, 3, 7, 4, 2]"
2,87,200099,3276221.922,20864715,200099,"[1, 9, 0, 8, 5, 6, 3, 7, 4, 2]"
2,88,200099,3388349.128,22363012,200099,"[1, 9, 0, 8, 5, 6, 3, 7, 4, 2]"
2,89,200099,3663031.722,20173075,200099,"[1, 9, 0, 8, 5, 6, 3, 7, 4, 2]"
2,90,200099,3407215.934,22469924,200099,"[1, 9, 0, 8, 5, 6, 3, 7, 4, 2]"
2,91,200099,3594761.19,23466236,200099,"[1, 9, 0, 8, 5, 6, 3, 7, 4, 2]"
2,92,200099,3703858.252,22259224,200099,"[1, 9, 0, 8, 5, 6, 3, 7, 4, 2]"
2,93,200099,4048375.184,22777244,200099,"[1, 9, 0, 8, 5, 6, 3, 7, 4, 2]"
2,94,200099,3878148.892,20250794,200099,"[1, 9, 0, 8, 5, 6, 3, 7, 4, 2]"
2,95,200099,3354833.706,20872883,200099,"[1, 9, 0, 8, 5, 6, 3, 7, 4, 2]"
2,96,200099,4539458.936,22797334,200099,"[1, 9, 0, 8, 5, 6, 3, 7, 4, 2]"
2,97,200099,3919231.252,20763335,200099,"[1, 9, 0, 8, 5, 6, 3, 7, 4, 2]"
2,98,200099,3856679.61,20171995,200099,"[1, 9, 0, 8, 5, 6, 3, 7, 4, 2]"
2,99,200099,3878508.082,22363012,200099,"[1, 9, 0, 8, 5, 6, 3, 7, 4, 2]"
2,100,200099,3831851.26,24563234,200099,"[1, 9, 0, 8, 5, 6, 3, 7, 4, 2]"
3,0,1111688,9881868.372,25351602,1111688,"[1, 9, 7, 8, 0, 2, 4, 3, 5, 6]"
3,1,860910,7612838.468,24763202,860910,"[1, 4, 9, 5, 6, 7, 3, 8, 2, 0]"
3,2,841000,7788887.198,24751703,841000,"[9, 7, 8, 4, 2, 3, 6, 5, 0, 1]"
3,3,710193,7214029.928,23730700,710193,"[7, 6, 1, 9, 8, 3, 4, 5, 2, 0]"
3,4,501900,7704271.74,23950827,501900,"[2, 1, 6, 5, 0, 3, 8, 4, 7, 9]"
3,5,501900,7315250.486,23731993,501900,"[2, 1, 6, 5, 0, 3, 8, 4, 7, 9]"
3,6,501900,7585781.188,23241752,501900,"[2, 1, 6, 5, 0, 3, 8, 4, 7, 9]"
3,7,501900,7822188.95,23343313,501900,"[2, 1, 6, 5, 0, 3, 8, 4, 7, 9]"
3,8,501900,7345519.628,22736558,501900,"[2, 1, 6, 5, 0, 3, 8, 4, 7, 9]"
3,9,501900,8011678.56,23326673,501900,"[2, 1, 6, 5, 0, 3, 8, 4, 7, 9]"
3,10,501900,7587804.176,23068288,501900,"[2, 1, 6, 5, 0, 3, 8, 4, 7, 9]"
3,11,501900,7851982.784,23045006,501900,"[2, 1, 6, 5, 0, 3, 8, 4, 7, 9]"
3,12,501900,7276037.792,22537317,501900,"[2, 1, 6, 5, 0, 3, 8, 4, 7, 9]"
3,13,501900,7495400.37,23768198,501900,"[2, 1, 6, 5, 0, 3, 8, 4, 7, 9]"
3,14,501900,7145008.436,23741455,501900,"[2, 1, 6, 5, 0, 3, 8, 4, 7, 9]"
3,15,501900,7102337.748,21591450,501900,"[2, 1, 6, 5, 0, 3, 8, 4, 7, 9]"
3,16,501900,6779633.624,24045805,501900,"[2, 1, 6, 5, 0, 3, 8, 4, 7, 9]"
3,17,501900,6360273.286,24850178,501900,"[2, 1, 6, 5, 0, 3, 8, 4, 7, 9]"
3,18,500710,7018369.604,23558626,500710,"[7, 8, 2, 5, 0, 3, 6, 4, 9, 1]"
3,19,500710,7145308.418,22945527,500710,"[7, 8, 2, 5, 0, 3, 6, 4, 9, 1]"
3,20,500710,6522119.044,22763134,500710,"[7, 8, 2, 5, 0, 3, 6, 4, 9, 1]"
3,21,202000,6924868.072,22773207,202000,"[2, 1, 6, 5, 0, 3, 9, 4, 7, 8]"
3,22,202000,6748480.006,23463994,202000,"[2, 1, 6, 5, 0, 3, 9, 4, 7, 8]"
3,23,202000,7159733.32,23723957,202000,"[2, 1, 6, 5, 0, 3, 9, 4, 7, 8]"
3,24,202000,6829086.378,23177158,202000,"[2, 1, 6, 5, 0, 3, 9, 4, 7, 8]"
3,25,202000,7326949.914,23854294,202000,"[2, 1, 6, 5, 0, 3, 9, 4, 7, 8]"
3,26,202000,7769461.046,23343800,202000,"[2, 1, 6, 5, 0, 3, 9, 4, 7, 8]"
3,27,202000,7008835.68,23763298,202000,"[2, 1, 6, 5, 0, 3, 9, 4, 7, 8]"
3,28,202000,7209016.186,23237668,202000,"[2, 1, 6, 5, 0, 3, 9, 4, 7, 8]"
3,29,0,7343152.604,22844388,0,"[1, 2, 7, 5, 0, 3, 9, 4, 6, 8]"
4,0,1521163,10164826.46,24175520,1521163,"[9, 2, 8, 1, 0, 4, 6, 5, 7, 3]"
4,1,1521163,8164379.354,23358337,1521163,"[9, 2, 8, 1, 0, 4, 6, 5, 7, 3]"
4,2,849901,8291616.95,23954633,849901,"[9, 2, 7, 3, 1, 5, 4, 6, 8, 0]"
4,3,849901,8221966.16,24058429,849901,"[9, 2, 7, 3, 1, 5, 4, 6, 8, 0]"
4,4,849901,8477134.644,24015774,849901,"[9, 2, 7, 3, 1, 5, 4, 6, 8, 0]"
4,5,760100,8284074.012,22892154,760100,"[8, 9, 6, 4, 2, 3, 7, 5, 1, 0]"
4,6,760100,7765800.456,24250840,760100,"[8, 9, 6, 4, 2, 3, 7, 5, 1, 0]"
4,7,760100,8347935.184,24055239,760100,"[8, 9, 6, 4, 2, 3, 7, 5, 1, 0]"
4,8,760100,8272465.292,23882760,760100,"[8, 9, 6, 4, 2, 3, 7, 5, 1, 0]"
4,9,760100,7718665.398,23467024,760100,"[8, 9, 6, 4, 2, 3, 7, 5, 1, 0]"
4,10,760100,8447591.222,22732040,760100,"[8, 9, 6, 4, 2, 3, 7, 5, 1, 0]"
4,11,760100,8289381.558,24273958,760100,"[8, 9, 6, 4, 2, 3, 7, 5, 1, 0]"
4,12,609698,8428653.354,23864847,609698,"[4, 2, 1, 8, 3, 7, 6, 9, 0, 5]"
4,13,609698,8537061.87,23448207,609698,"[4, 2, 1, 8, 3, 7, 6, 9, 0, 5]"
4,14,609698,7980675.38,23224810,609698,"[4, 2, 1, 8, 3, 7, 6, 9, 0, 5]"
4,15,609698,8311264.764,23475324,609698,"[4, 2, 1, 8, 3, 7, 6, 9, 0, 5]"
4,16,609698,8305336.328,23153808,609698,"[4, 2, 1, 8, 3, 7, 6, 9, 0, 5]"
4,17,509998,7990336.974,22633451,509998,"[3, 1, 9, 8, 5, 6, 2, 7, 4, 0]"
4,18,509998,8295149.506,24524783,509998,"[3, 1, 9, 8, 5, 6, 2, 7, 4, 0]"
4,19,509998,8434702.298,22656288,509998,"[3, 1, 9, 8, 5, 6, 2, 7, 4, 0]"
4,20,509998,8466743.132,23654625,509998,"[3, 1, 9, 8, 5, 6, 2, 7, 4, 0]"
4,21,509998,8048743.1,23842928,509998,"[3, 1, 9, 8, 5, 6, 2, 7, 4, 0]"
4,22,509998,8052752.526,23349422,509998,"[3, 1, 9, 8, 5, 6, 2, 7, 4, 0]"
4,23,509998,8333388.424,23075324,509998,"[3, 1, 9, 8, 5, 6, 2, 7, 4, 0]"
4,24,509998,8194372.4,23166287,509998,"[3, 1, 9, 8, 5, 6, 2, 7, 4, 0]"
4,25,509998,8349405.694,23481257,509998,"[3, 1, 9, 8, 5, 6, 2, 7, 4, 0]"
4,26,509998,8808832.786,23544651,509998,"[3, 1, 9, 8, 5, 6, 2, 7, 4, 0]"
4,27,509998,8377464.722,22260827,509998,"[3, 1, 9, 8, 5, 6, 2, 7, 4, 0]"
4,28,509998,8152768.784,23363824,509998,"[3, 1, 9, 8, 5, 6, 2, 7, 4, 0]"
4,29,509998,7992006.94,23266584,509998,"[3, 1, 9, 8, 5, 6, 2, 7, 4, 0]"
4,30,509998,7848347.636,22343149,509998,"[3, 1, 9, 8, 5, 6, 2, 7, 4, 0]"
4,31,509998,8102921.616,22593152,509998,"[3, 1, 9, 8, 5, 6, 2, 7, 4, 0]"
4,32,509998,8320815.452,24022771,509998,"[3, 1, 9, 8, 5, 6, 2, 7, 4, 0]"
4,33,509998,8449044.972,23032568,509998,"[3, 1, 9, 8, 5, 6, 2, 7, 4, 0]"
4,34,509998,8484158.452,23552828,509998,"[3, 1, 9, 8, 5, 6, 2, 7, 4, 0]"
4,35,509998,8338670.2,23446271,509998,"[3, 1, 9, 8, 5, 6, 2, 7, 4, 0]"
4,36,509998,8636698.97,22934400,509998,"[3, 1, 9, 8, 5, 6, 2, 7, 4, 0]"
4,37,509998,8462065.016,23740554,509998,"[3, 1, 9, 8, 5, 6, 2, 7, 4, 0]"
4,38,509998,8280146.158,23763337,509998,"[3, 1, 9, 8, 5, 6, 2, 7, 4, 0]"
4,39,509998,8231618.582,23886755,509998,"[3, 1, 9, 8, 5, 6, 2, 7, 4, 0]"
4,40,509998,8383702.426,23744664,509998,"[3, 1, 9, 8, 5, 6, 2, 7, 4, 0]"
4,41,509998,8157712.364,24124448,509998,"[3, 1, 9, 8, 5, 6, 2, 7, 4, 0]"
4,42,509998,8228010.04,23721773,509998,"[3, 1, 9, 8, 5, 6, 2, 7, 4, 0]"
4,43,509998,8803124.8,22926954,509998,"[3, 1, 9, 8, 5, 6, 2, 7, 4, 0]"
4,44,509998,8663744.026,24123574,509998,"[3, 1, 9, 8, 5, 6, 2, 7, 4, 0]"
4,45,509998,8087097.91,23564629,509998,"[3, 1, 9, 8, 5, 6, 2, 7, 4, 0]"
4,46,509998,8768467.304,23252482,509998,"[3, 1, 9, 8, 5, 6, 2, 7, 4, 0]"
4,47,509998,8105657.108,23815774,509998,"[3, 1, 9, 8, 5, 6, 2, 7, 4, 0]"
4,48,509998,8080913.458,23060444,509998,"[3, 1, 9, 8, 5, 6, 2, 7, 4, 0]"
4,49,509998,8315077.354,23246525,509998,"[3, 1, 9, 8, 5, 6, 2, 7, 4, 0]"
4,50,509998,8508433.904,22264940,509998,"[3, 1, 9, 8, 5, 6, 2, 7, 4, 0]"
4,51,509998,8373237.778,23636474,509998,"[3, 1, 9, 8, 5, 6, 2, 7, 4, 0]"
4,52,200110,8433711.112,22566987,200110,"[2, 0, 9, 8, 4, 6, 3, 7, 5, 1]"
4,53,200110,8078093.906,22835094,200110,"[2, 0, 9, 8, 4, 6, 3, 7, 5, 1]"
4,54,200110,8118784.41,23246419,200110,"[2, 0, 9, 8, 4, 6, 3, 7, 5, 1]"
4,55,200110,8006354.862,23772520,200110,"[2, 0, 9, 8, 4, 6, 3, 7, 5, 1]"
4,56,200110,8066757.302,24272257,200110,"[2, 0, 9, 8, 4, 6, 3, 7, 5, 1]"
4,57,200110,8123241.366,23737705,200110,"[2, 0, 9, 8, 4, 6, 3, 7, 5, 1]"
4,58,200110,8265690.264,23066614,200110,"[2, 0, 9, 8, 4, 6, 3, 7, 5, 1]"
4,59,200110,8563243.748,23880604,200110,"[2, 0, 9, 8, 4, 6, 3, 7, 5, 1]"
4,60,200110,8258234.122,23348913,200110,"[2, 0, 9, 8, 4, 6, 3, 7, 5, 1]"
4,61,200110,8388417.89,23838412,200110,"[2, 0, 9, 8, 4, 6, 3, 7, 5, 1]"
4,62,200110,8004385.886,23659626,200110,"[2, 0, 9, 8, 4, 6, 3, 7, 5, 1]"
4,63,200110,7711476.088,23193614,200110,"[2, 0, 9, 8, 4, 6, 3, 7, 5, 1]"
4,64,200110,8652042.0,24325472,200110,"[2, 0, 9, 8, 4, 6, 3, 7, 5, 1]"
4,65,200110,8207810.422,22960337,200110,"[2, 0, 9, 8, 4, 6, 3, 7, 5, 1]"
4,66,200110,8401793.17,23218389,200110,"[2, 0, 9, 8, 4, 6, 3, 7, 5, 1]"
4,67,200110,8115255.758,24654616,200110,"[2, 0, 9, 8, 4, 6, 3, 7, 5, 1]"
4,68,200110,8226040.022,23473541,200110,"[2, 0, 9, 8, 4, 6, 3, 7, 5, 1]"
4,69,200110,8415906.98,22961866,200110,"[2, 0, 9, 8, 4, 6, 3, 7, 5, 1]"
4,70,200110,8225517.392,23235161,200110,"[2, 0, 9, 8, 4, 6, 3, 7, 5, 1]"
4,71,200110,8036964.94,24244607,200110,"[2, 0, 9, 8, 4, 6, 3, 7, 5, 1]"
4,72,200110,7963674.244,22677604,200110,"[2, 0, 9, 8, 4, 6, 3, 7, 5, 1]"
4,73,200110,8235783.402,23528179,200110,"[2, 0, 9, 8, 4, 6, 3, 7, 5, 1]"
4,74,200110,8327621.896,22842017,200110,"[2, 0, 9, 8, 4, 6, 3, 7, 5, 1]"
4,75,200110,8231419.562,23180734,200110,"[2, 0, 9, 8, 4, 6, 3, 7, 5, 1]"
4,76,200110,8008587.982,23182229,200110,"[2, 0, 9, 8, 4, 6, 3, 7, 5, 1]"
4,77,200110,8251677.658,22352004,200110,"[2, 0, 9, 8, 4, 6, 3, 7, 5, 1]"
4,78,200110,8403826.246,23936174,200110,"[2, 0, 9, 8, 4, 6, 3, 7, 5, 1]"
4,79,200110,8091904.062,23224162,200110,"[2, 0, 9, 8, 4, 6, 3, 7, 5, 1]"
4,80,200110,8272019.254,22933639,200110,"[2, 0, 9, 8, 4, 6, 3, 7, 5, 1]"
4,81,200110,8074160.98,22871891,200110,"[2, 0, 9, 8, 4, 6, 3, 7, 5, 1]"
4,82,200110,8161767.376,22243860,200110,"[2, 0, 9, 8, 4, 6, 3, 7, 5, 1]"
4,83,200110,8385154.688,23345415,200110,"[2, 0, 9, 8, 4, 6, 3, 7, 5, 1]"
4,84,200110,8059527.69,23334697,200110,"[2, 0, 9, 8, 4, 6, 3, 7, 5, 1]"
4,85,200110,8065637.27,22137461,200110,"[2, 0, 9, 8, 4, 6, 3, 7, 5, 1]"
4,86,200110,8318407.214,22826109,200110,"[2, 0, 9, 8, 4, 6, 3, 7, 5, 1]"
4,87,200110,8092635.206,23043372,200110,"[2, 0, 9, 8, 4, 6, 3, 7, 5, 1]"
4,88,200110,8138376.966,23048427,200110,"[2, 0, 9, 8, 4, 6, 3, 7, 5, 1]"
4,89,200110,7917675.364,23731446,200110,"[2, 0, 9, 8, 4, 6, 3, 7, 5, 1]"
4,90,200110,8588657.972,23779057,200110,"[2, 0, 9, 8, 4, 6, 3, 7, 5, 1]"
4,91,200110,8183072.234,22176136,200110,"[2, 0, 9, 8, 4, 6, 3, 7, 5, 1]"
4,92,200110,8252045.236,24442695,200110,"[2, 0, 9, 8, 4, 6, 3, 7, 5, 1]"
4,93,200110,8401397.528,23193124,200110,"[2, 0, 9, 8, 4, 6, 3, 7, 5, 1]"
4,94,200110,8578929.518,23118451,200110,"[2, 0, 9, 8, 4, 6, 3, 7, 5, 1]"
4,95,200110,8234818.414,24231809,200110,"[2, 0, 9, 8, 4, 6, 3, 7, 5, 1]"
4,96,200110,8228437.906,23653598,200110,"[2, 0, 9, 8, 4, 6, 3, 7, 5, 1]"
4,97,200110,7984685.712,23964917,200110,"[2, 0, 9, 8, 4, 6, 3, 7, 5, 1]"
4,98,200110,7801008.752,22788742,200110,"[2, 0, 9, 8, 4, 6, 3, 7, 5, 1]"
4,99,200110,8501948.678,23354124,200110,"[2, 0, 9, 8, 4, 6, 3, 7, 5, 1]"
4,100,200110,7789202.524,23354808,200110,"[2, 0, 9, 8, 4, 6, 3, 7, 5, 1]"
